time,Msg
2023-01-01 00:00:00,Order Received
2023-01-01 01:00:00,Order Processed
2023-01-01 02:00:00,Order Shipped
2023-01-01 03:00:00,Order Delivered
2023-01-01 04:00:00,Order Completed
2023-01-02 00:00:00,Order Received
2023-01-02 01:00:00,Order Processed
2023-01-02 02:00:00,Order Shipped
2023-01-02 03:00:00,Order Delivered
2023-01-02 04:00:00,Order Completed
2023-01-03 00:00:00,Order Received
2023-01-03 01:00:00,Order Processed
2023-01-03 02:00:00,Order Shipped
2023-01-03 03:00:00,Order Delivered
2023-01-03 04:00:00,Order Completed
